sampling,popmodel,replicate,n_snps
independenthomochronous,expgrowthfast,0,2849
independenthomochronous,expgrowthfast,1,3034
independenthomochronous,expgrowthfast,2,3021
independenthomochronous,expgrowthfast,3,3235
independenthomochronous,expgrowthfast,4,3034
independenthomochronous,expgrowthfast,5,3186
independenthomochronous,expgrowthfast,6,2825
independenthomochronous,expgrowthfast,7,3089
independenthomochronous,expgrowthfast,8,3323
independenthomochronous,expgrowthfast,9,3071
independenthomochronous,expgrowthfast,10,3199
independenthomochronous,expgrowthfast,11,3028
independenthomochronous,expgrowthfast,12,2999
independenthomochronous,expgrowthfast,13,3233
independenthomochronous,expgrowthfast,14,3163
independenthomochronous,expgrowthfast,15,3063
independenthomochronous,expgrowthfast,16,3196
independenthomochronous,expgrowthfast,17,2981
independenthomochronous,expgrowthfast,18,2901
independenthomochronous,expgrowthfast,19,3271
independenthomochronous,expgrowthfast,20,3193
independenthomochronous,expgrowthfast,21,3311
independenthomochronous,expgrowthfast,22,3260
independenthomochronous,expgrowthfast,23,2950
independenthomochronous,expgrowthfast,24,3107
independenthomochronous,expgrowthfast,25,3056
independenthomochronous,expgrowthfast,26,2957
independenthomochronous,expgrowthfast,27,3364
independenthomochronous,expgrowthfast,28,2967
independenthomochronous,expgrowthfast,29,3130
independenthomochronous,expgrowthfast,30,3010
independenthomochronous,expgrowthfast,31,3163
independenthomochronous,expgrowthfast,32,3129
independenthomochronous,expgrowthfast,33,3040
independenthomochronous,expgrowthfast,34,2897
independenthomochronous,expgrowthfast,35,2923
independenthomochronous,expgrowthfast,36,3138
independenthomochronous,expgrowthfast,37,3207
independenthomochronous,expgrowthfast,38,2722
independenthomochronous,expgrowthfast,39,3141
independenthomochronous,expgrowthfast,40,3097
independenthomochronous,expgrowthfast,41,3235
independenthomochronous,expgrowthfast,42,3095
independenthomochronous,expgrowthfast,43,3127
independenthomochronous,expgrowthfast,44,3140
independenthomochronous,expgrowthfast,45,3025
independenthomochronous,expgrowthfast,46,3146
independenthomochronous,expgrowthfast,47,3265
independenthomochronous,expgrowthfast,48,3054
independenthomochronous,expgrowthfast,49,3066
independenthomochronous,expgrowthfast,50,2908
independenthomochronous,expgrowthfast,51,2993
independenthomochronous,expgrowthfast,52,3061
independenthomochronous,expgrowthfast,53,3197
independenthomochronous,expgrowthfast,54,3154
independenthomochronous,expgrowthfast,55,2906
independenthomochronous,expgrowthfast,56,3076
independenthomochronous,expgrowthfast,57,3268
independenthomochronous,expgrowthfast,58,2922
independenthomochronous,expgrowthfast,59,3432
independenthomochronous,expgrowthfast,60,3047
independenthomochronous,expgrowthfast,61,2785
independenthomochronous,expgrowthfast,62,2909
independenthomochronous,expgrowthfast,63,3005
independenthomochronous,expgrowthfast,64,2995
independenthomochronous,expgrowthfast,65,3019
independenthomochronous,expgrowthfast,66,2959
independenthomochronous,expgrowthfast,67,3168
independenthomochronous,expgrowthfast,68,3331
independenthomochronous,expgrowthfast,69,3091
independenthomochronous,expgrowthfast,70,2990
independenthomochronous,expgrowthfast,71,3362
independenthomochronous,expgrowthfast,72,2964
independenthomochronous,expgrowthfast,73,3193
independenthomochronous,expgrowthfast,74,3252
independenthomochronous,expgrowthfast,75,3033
independenthomochronous,expgrowthfast,76,3171
independenthomochronous,expgrowthfast,77,3105
independenthomochronous,expgrowthfast,78,3037
independenthomochronous,expgrowthfast,79,3164
independenthomochronous,expgrowthfast,80,3123
independenthomochronous,expgrowthfast,81,2897
independenthomochronous,expgrowthfast,82,3149
independenthomochronous,expgrowthfast,83,2984
independenthomochronous,expgrowthfast,84,2979
independenthomochronous,expgrowthfast,85,3221
independenthomochronous,expgrowthfast,86,3191
independenthomochronous,expgrowthfast,87,3132
independenthomochronous,expgrowthfast,88,3163
independenthomochronous,expgrowthfast,89,3191
independenthomochronous,expgrowthfast,90,3054
independenthomochronous,expgrowthfast,91,2918
independenthomochronous,expgrowthfast,92,2946
independenthomochronous,expgrowthfast,93,2935
independenthomochronous,expgrowthfast,94,3280
independenthomochronous,expgrowthfast,95,3296
independenthomochronous,expgrowthfast,96,3291
independenthomochronous,expgrowthfast,97,2726
independenthomochronous,expgrowthfast,98,3242
independenthomochronous,expgrowthfast,99,2897
independenthomochronous,expgrowthslow,0,4189
independenthomochronous,expgrowthslow,1,3794
independenthomochronous,expgrowthslow,2,3564
independenthomochronous,expgrowthslow,3,4096
independenthomochronous,expgrowthslow,4,3959
independenthomochronous,expgrowthslow,5,4222
independenthomochronous,expgrowthslow,6,3917
independenthomochronous,expgrowthslow,7,4424
independenthomochronous,expgrowthslow,8,3935
independenthomochronous,expgrowthslow,9,3832
independenthomochronous,expgrowthslow,10,3803
independenthomochronous,expgrowthslow,11,4083
independenthomochronous,expgrowthslow,12,4281
independenthomochronous,expgrowthslow,13,4236
independenthomochronous,expgrowthslow,14,4181
independenthomochronous,expgrowthslow,15,3846
independenthomochronous,expgrowthslow,16,4317
independenthomochronous,expgrowthslow,17,4078
independenthomochronous,expgrowthslow,18,3996
independenthomochronous,expgrowthslow,19,3838
independenthomochronous,expgrowthslow,20,4095
independenthomochronous,expgrowthslow,21,4143
independenthomochronous,expgrowthslow,22,3849
independenthomochronous,expgrowthslow,23,4016
independenthomochronous,expgrowthslow,24,4311
independenthomochronous,expgrowthslow,25,4060
independenthomochronous,expgrowthslow,26,3862
independenthomochronous,expgrowthslow,27,4217
independenthomochronous,expgrowthslow,28,4003
independenthomochronous,expgrowthslow,29,4177
independenthomochronous,expgrowthslow,30,4003
independenthomochronous,expgrowthslow,31,3948
independenthomochronous,expgrowthslow,32,4073
independenthomochronous,expgrowthslow,33,4042
independenthomochronous,expgrowthslow,34,3895
independenthomochronous,expgrowthslow,35,3815
independenthomochronous,expgrowthslow,36,3949
independenthomochronous,expgrowthslow,37,4026
independenthomochronous,expgrowthslow,38,3946
independenthomochronous,expgrowthslow,39,4212
independenthomochronous,expgrowthslow,40,4210
independenthomochronous,expgrowthslow,41,4275
independenthomochronous,expgrowthslow,42,3850
independenthomochronous,expgrowthslow,43,3642
independenthomochronous,expgrowthslow,44,3968
independenthomochronous,expgrowthslow,45,4055
independenthomochronous,expgrowthslow,46,4087
independenthomochronous,expgrowthslow,47,4049
independenthomochronous,expgrowthslow,48,4120
independenthomochronous,expgrowthslow,49,3889
independenthomochronous,expgrowthslow,50,3947
independenthomochronous,expgrowthslow,51,4348
independenthomochronous,expgrowthslow,52,4039
independenthomochronous,expgrowthslow,53,3752
independenthomochronous,expgrowthslow,54,4221
independenthomochronous,expgrowthslow,55,3912
independenthomochronous,expgrowthslow,56,4282
independenthomochronous,expgrowthslow,57,4366
independenthomochronous,expgrowthslow,58,4278
independenthomochronous,expgrowthslow,59,3981
independenthomochronous,expgrowthslow,60,3997
independenthomochronous,expgrowthslow,61,3723
independenthomochronous,expgrowthslow,62,3951
independenthomochronous,expgrowthslow,63,4294
independenthomochronous,expgrowthslow,64,4246
independenthomochronous,expgrowthslow,65,4431
independenthomochronous,expgrowthslow,66,4283
independenthomochronous,expgrowthslow,67,3957
independenthomochronous,expgrowthslow,68,3954
independenthomochronous,expgrowthslow,69,4400
independenthomochronous,expgrowthslow,70,4404
independenthomochronous,expgrowthslow,71,3873
independenthomochronous,expgrowthslow,72,4119
independenthomochronous,expgrowthslow,73,4244
independenthomochronous,expgrowthslow,74,3965
independenthomochronous,expgrowthslow,75,4012
independenthomochronous,expgrowthslow,76,4035
independenthomochronous,expgrowthslow,77,4454
independenthomochronous,expgrowthslow,78,4397
independenthomochronous,expgrowthslow,79,4050
independenthomochronous,expgrowthslow,80,4193
independenthomochronous,expgrowthslow,81,4232
independenthomochronous,expgrowthslow,82,4216
independenthomochronous,expgrowthslow,83,3594
independenthomochronous,expgrowthslow,84,3791
independenthomochronous,expgrowthslow,85,3779
independenthomochronous,expgrowthslow,86,3615
independenthomochronous,expgrowthslow,87,3882
independenthomochronous,expgrowthslow,88,4022
independenthomochronous,expgrowthslow,89,3835
independenthomochronous,expgrowthslow,90,4286
independenthomochronous,expgrowthslow,91,4185
independenthomochronous,expgrowthslow,92,4294
independenthomochronous,expgrowthslow,93,3888
independenthomochronous,expgrowthslow,94,3798
independenthomochronous,expgrowthslow,95,4105
independenthomochronous,expgrowthslow,96,4135
independenthomochronous,expgrowthslow,97,4118
independenthomochronous,expgrowthslow,98,3861
independenthomochronous,expgrowthslow,99,4203
independenthomochronous,uniform,0,4380
independenthomochronous,uniform,1,4155
independenthomochronous,uniform,2,8981
independenthomochronous,uniform,3,4195
independenthomochronous,uniform,4,6094
independenthomochronous,uniform,5,9350
independenthomochronous,uniform,6,8483
independenthomochronous,uniform,7,5114
independenthomochronous,uniform,8,4266
independenthomochronous,uniform,9,5802
independenthomochronous,uniform,10,5952
independenthomochronous,uniform,11,4587
independenthomochronous,uniform,12,7112
independenthomochronous,uniform,13,4569
independenthomochronous,uniform,14,6731
independenthomochronous,uniform,15,5811
independenthomochronous,uniform,16,5821
independenthomochronous,uniform,17,4500
independenthomochronous,uniform,18,5924
independenthomochronous,uniform,19,4919
independenthomochronous,uniform,20,5580
independenthomochronous,uniform,21,4916
independenthomochronous,uniform,22,5449
independenthomochronous,uniform,23,10201
independenthomochronous,uniform,24,5480
independenthomochronous,uniform,25,5158
independenthomochronous,uniform,26,5477
independenthomochronous,uniform,27,5375
independenthomochronous,uniform,28,5897
independenthomochronous,uniform,29,3955
independenthomochronous,uniform,30,4085
independenthomochronous,uniform,31,6642
independenthomochronous,uniform,32,5078
independenthomochronous,uniform,33,4548
independenthomochronous,uniform,34,4914
independenthomochronous,uniform,35,6332
independenthomochronous,uniform,36,4781
independenthomochronous,uniform,37,4453
independenthomochronous,uniform,38,5968
independenthomochronous,uniform,39,5237
independenthomochronous,uniform,40,4127
independenthomochronous,uniform,41,7159
independenthomochronous,uniform,42,5184
independenthomochronous,uniform,43,4157
independenthomochronous,uniform,44,5698
independenthomochronous,uniform,45,5366
independenthomochronous,uniform,46,3883
independenthomochronous,uniform,47,4495
independenthomochronous,uniform,48,6812
independenthomochronous,uniform,49,5931
independenthomochronous,uniform,50,5003
independenthomochronous,uniform,51,4536
independenthomochronous,uniform,52,3847
independenthomochronous,uniform,53,4433
independenthomochronous,uniform,54,5289
independenthomochronous,uniform,55,4787
independenthomochronous,uniform,56,6868
independenthomochronous,uniform,57,4944
independenthomochronous,uniform,58,6535
independenthomochronous,uniform,59,6468
independenthomochronous,uniform,60,3849
independenthomochronous,uniform,61,4684
independenthomochronous,uniform,62,4941
independenthomochronous,uniform,63,5198
independenthomochronous,uniform,64,7348
independenthomochronous,uniform,65,5429
independenthomochronous,uniform,66,5164
independenthomochronous,uniform,67,4698
independenthomochronous,uniform,68,4696
independenthomochronous,uniform,69,5470
independenthomochronous,uniform,70,7969
independenthomochronous,uniform,71,4506
independenthomochronous,uniform,72,6229
independenthomochronous,uniform,73,5056
independenthomochronous,uniform,74,6296
independenthomochronous,uniform,75,5699
independenthomochronous,uniform,76,4463
independenthomochronous,uniform,77,5389
independenthomochronous,uniform,78,4320
independenthomochronous,uniform,79,5220
independenthomochronous,uniform,80,6315
independenthomochronous,uniform,81,5907
independenthomochronous,uniform,82,5297
independenthomochronous,uniform,83,4565
independenthomochronous,uniform,84,4872
independenthomochronous,uniform,85,5049
independenthomochronous,uniform,86,5195
independenthomochronous,uniform,87,4802
independenthomochronous,uniform,88,6067
independenthomochronous,uniform,89,7004
independenthomochronous,uniform,90,7434
independenthomochronous,uniform,91,4642
independenthomochronous,uniform,92,4492
independenthomochronous,uniform,93,5031
independenthomochronous,uniform,94,6249
independenthomochronous,uniform,95,6769
independenthomochronous,uniform,96,5118
independenthomochronous,uniform,97,4227
independenthomochronous,uniform,98,3705
independenthomochronous,uniform,99,3876
independenthomochronous,bottleneck,0,3583
independenthomochronous,bottleneck,1,2046
independenthomochronous,bottleneck,2,3003
independenthomochronous,bottleneck,3,2084
independenthomochronous,bottleneck,4,3814
independenthomochronous,bottleneck,5,4854
independenthomochronous,bottleneck,6,2801
independenthomochronous,bottleneck,7,4687
independenthomochronous,bottleneck,8,1445
independenthomochronous,bottleneck,9,3871
independenthomochronous,bottleneck,10,1517
independenthomochronous,bottleneck,11,3835
independenthomochronous,bottleneck,12,2135
independenthomochronous,bottleneck,13,2891
independenthomochronous,bottleneck,14,3312
independenthomochronous,bottleneck,15,3459
independenthomochronous,bottleneck,16,2727
independenthomochronous,bottleneck,17,2760
independenthomochronous,bottleneck,18,2800
independenthomochronous,bottleneck,19,2293
independenthomochronous,bottleneck,20,2579
independenthomochronous,bottleneck,21,2827
independenthomochronous,bottleneck,22,4320
independenthomochronous,bottleneck,23,2660
independenthomochronous,bottleneck,24,2170
independenthomochronous,bottleneck,25,3176
independenthomochronous,bottleneck,26,2078
independenthomochronous,bottleneck,27,3197
independenthomochronous,bottleneck,28,1414
independenthomochronous,bottleneck,29,2892
independenthomochronous,bottleneck,30,2740
independenthomochronous,bottleneck,31,4021
independenthomochronous,bottleneck,32,2531
independenthomochronous,bottleneck,33,2286
independenthomochronous,bottleneck,34,1735
independenthomochronous,bottleneck,35,2287
independenthomochronous,bottleneck,36,2976
independenthomochronous,bottleneck,37,1627
independenthomochronous,bottleneck,38,2734
independenthomochronous,bottleneck,39,2352
independenthomochronous,bottleneck,40,6378
independenthomochronous,bottleneck,41,1658
independenthomochronous,bottleneck,42,2439
independenthomochronous,bottleneck,43,4295
independenthomochronous,bottleneck,44,2390
independenthomochronous,bottleneck,45,3414
independenthomochronous,bottleneck,46,1741
independenthomochronous,bottleneck,47,1873
independenthomochronous,bottleneck,48,1928
independenthomochronous,bottleneck,49,3194
independenthomochronous,bottleneck,50,1161
independenthomochronous,bottleneck,51,2491
independenthomochronous,bottleneck,52,4444
independenthomochronous,bottleneck,53,2283
independenthomochronous,bottleneck,54,4649
independenthomochronous,bottleneck,55,2544
independenthomochronous,bottleneck,56,2675
independenthomochronous,bottleneck,57,2463
independenthomochronous,bottleneck,58,4471
independenthomochronous,bottleneck,59,2681
independenthomochronous,bottleneck,60,2046
independenthomochronous,bottleneck,61,3909
independenthomochronous,bottleneck,62,2290
independenthomochronous,bottleneck,63,4968
independenthomochronous,bottleneck,64,2851
independenthomochronous,bottleneck,65,4374
independenthomochronous,bottleneck,66,2224
independenthomochronous,bottleneck,67,2377
independenthomochronous,bottleneck,68,3694
independenthomochronous,bottleneck,69,3356
independenthomochronous,bottleneck,70,2533
independenthomochronous,bottleneck,71,3992
independenthomochronous,bottleneck,72,1458
independenthomochronous,bottleneck,73,2841
independenthomochronous,bottleneck,74,2691
independenthomochronous,bottleneck,75,1190
independenthomochronous,bottleneck,76,3152
independenthomochronous,bottleneck,77,2244
independenthomochronous,bottleneck,78,1346
independenthomochronous,bottleneck,79,1458
independenthomochronous,bottleneck,80,1509
independenthomochronous,bottleneck,81,2453
independenthomochronous,bottleneck,82,2706
independenthomochronous,bottleneck,83,2683
independenthomochronous,bottleneck,84,3915
independenthomochronous,bottleneck,85,2025
independenthomochronous,bottleneck,86,2190
independenthomochronous,bottleneck,87,3373
independenthomochronous,bottleneck,88,2933
independenthomochronous,bottleneck,89,2701
independenthomochronous,bottleneck,90,2283
independenthomochronous,bottleneck,91,2388
independenthomochronous,bottleneck,92,1929
independenthomochronous,bottleneck,93,1411
independenthomochronous,bottleneck,94,3514
independenthomochronous,bottleneck,95,2689
independenthomochronous,bottleneck,96,1724
independenthomochronous,bottleneck,97,1948
independenthomochronous,bottleneck,98,1868
independenthomochronous,bottleneck,99,2173
linearconstant,expgrowthfast,0,2835
linearconstant,expgrowthfast,1,2922
linearconstant,expgrowthfast,2,2887
linearconstant,expgrowthfast,3,2914
linearconstant,expgrowthfast,4,2929
linearconstant,expgrowthfast,5,2890
linearconstant,expgrowthfast,6,2831
linearconstant,expgrowthfast,7,3072
linearconstant,expgrowthfast,8,2980
linearconstant,expgrowthfast,9,3182
linearconstant,expgrowthfast,10,2969
linearconstant,expgrowthfast,11,2776
linearconstant,expgrowthfast,12,2689
linearconstant,expgrowthfast,13,3009
linearconstant,expgrowthfast,14,2933
linearconstant,expgrowthfast,15,2672
linearconstant,expgrowthfast,16,3119
linearconstant,expgrowthfast,17,3028
linearconstant,expgrowthfast,18,2903
linearconstant,expgrowthfast,19,3135
linearconstant,expgrowthfast,20,3015
linearconstant,expgrowthfast,21,2955
linearconstant,expgrowthfast,22,3227
linearconstant,expgrowthfast,23,2989
linearconstant,expgrowthfast,24,3031
linearconstant,expgrowthfast,25,2915
linearconstant,expgrowthfast,26,2856
linearconstant,expgrowthfast,27,3048
linearconstant,expgrowthfast,28,2751
linearconstant,expgrowthfast,29,2807
linearconstant,expgrowthfast,30,3212
linearconstant,expgrowthfast,31,2963
linearconstant,expgrowthfast,32,3101
linearconstant,expgrowthfast,33,2894
linearconstant,expgrowthfast,34,2832
linearconstant,expgrowthfast,35,3068
linearconstant,expgrowthfast,36,2948
linearconstant,expgrowthfast,37,2746
linearconstant,expgrowthfast,38,2950
linearconstant,expgrowthfast,39,2981
linearconstant,expgrowthfast,40,2847
linearconstant,expgrowthfast,41,3025
linearconstant,expgrowthfast,42,2931
linearconstant,expgrowthfast,43,2856
linearconstant,expgrowthfast,44,2854
linearconstant,expgrowthfast,45,3031
linearconstant,expgrowthfast,46,3024
linearconstant,expgrowthfast,47,2787
linearconstant,expgrowthfast,48,2984
linearconstant,expgrowthfast,49,3017
linearconstant,expgrowthfast,50,2844
linearconstant,expgrowthfast,51,3089
linearconstant,expgrowthfast,52,3020
linearconstant,expgrowthfast,53,2739
linearconstant,expgrowthfast,54,2657
linearconstant,expgrowthfast,55,3189
linearconstant,expgrowthfast,56,2982
linearconstant,expgrowthfast,57,3128
linearconstant,expgrowthfast,58,2944
linearconstant,expgrowthfast,59,2785
linearconstant,expgrowthfast,60,3039
linearconstant,expgrowthfast,61,2922
linearconstant,expgrowthfast,62,3054
linearconstant,expgrowthfast,63,3177
linearconstant,expgrowthfast,64,2824
linearconstant,expgrowthfast,65,2954
linearconstant,expgrowthfast,66,2643
linearconstant,expgrowthfast,67,3271
linearconstant,expgrowthfast,68,2813
linearconstant,expgrowthfast,69,2909
linearconstant,expgrowthfast,70,3136
linearconstant,expgrowthfast,71,2660
linearconstant,expgrowthfast,72,2921
linearconstant,expgrowthfast,73,3154
linearconstant,expgrowthfast,74,2987
linearconstant,expgrowthfast,75,3278
linearconstant,expgrowthfast,76,3041
linearconstant,expgrowthfast,77,3069
linearconstant,expgrowthfast,78,3077
linearconstant,expgrowthfast,79,3210
linearconstant,expgrowthfast,80,2923
linearconstant,expgrowthfast,81,2847
linearconstant,expgrowthfast,82,3077
linearconstant,expgrowthfast,83,2885
linearconstant,expgrowthfast,84,2896
linearconstant,expgrowthfast,85,2742
linearconstant,expgrowthfast,86,2757
linearconstant,expgrowthfast,87,3183
linearconstant,expgrowthfast,88,3053
linearconstant,expgrowthfast,89,3029
linearconstant,expgrowthfast,90,2899
linearconstant,expgrowthfast,91,3150
linearconstant,expgrowthfast,92,3151
linearconstant,expgrowthfast,93,3101
linearconstant,expgrowthfast,94,3057
linearconstant,expgrowthfast,95,3015
linearconstant,expgrowthfast,96,2850
linearconstant,expgrowthfast,97,2956
linearconstant,expgrowthfast,98,3010
linearconstant,expgrowthfast,99,3158
linearconstant,expgrowthslow,0,4239
linearconstant,expgrowthslow,1,4401
linearconstant,expgrowthslow,2,3922
linearconstant,expgrowthslow,3,4377
linearconstant,expgrowthslow,4,4099
linearconstant,expgrowthslow,5,4438
linearconstant,expgrowthslow,6,4180
linearconstant,expgrowthslow,7,4169
linearconstant,expgrowthslow,8,4444
linearconstant,expgrowthslow,9,4294
linearconstant,expgrowthslow,10,4231
linearconstant,expgrowthslow,11,4089
linearconstant,expgrowthslow,12,3941
linearconstant,expgrowthslow,13,4007
linearconstant,expgrowthslow,14,3990
linearconstant,expgrowthslow,15,4303
linearconstant,expgrowthslow,16,4097
linearconstant,expgrowthslow,17,4141
linearconstant,expgrowthslow,18,4383
linearconstant,expgrowthslow,19,4191
linearconstant,expgrowthslow,20,4270
linearconstant,expgrowthslow,21,4671
linearconstant,expgrowthslow,22,4091
linearconstant,expgrowthslow,23,4022
linearconstant,expgrowthslow,24,4231
linearconstant,expgrowthslow,25,4194
linearconstant,expgrowthslow,26,4022
linearconstant,expgrowthslow,27,4733
linearconstant,expgrowthslow,28,4087
linearconstant,expgrowthslow,29,4104
linearconstant,expgrowthslow,30,4179
linearconstant,expgrowthslow,31,4254
linearconstant,expgrowthslow,32,3879
linearconstant,expgrowthslow,33,4228
linearconstant,expgrowthslow,34,4441
linearconstant,expgrowthslow,35,4004
linearconstant,expgrowthslow,36,4146
linearconstant,expgrowthslow,37,3899
linearconstant,expgrowthslow,38,4405
linearconstant,expgrowthslow,39,4038
linearconstant,expgrowthslow,40,4262
linearconstant,expgrowthslow,41,4065
linearconstant,expgrowthslow,42,4477
linearconstant,expgrowthslow,43,4222
linearconstant,expgrowthslow,44,4268
linearconstant,expgrowthslow,45,4663
linearconstant,expgrowthslow,46,4383
linearconstant,expgrowthslow,47,4362
linearconstant,expgrowthslow,48,4300
linearconstant,expgrowthslow,49,3945
linearconstant,expgrowthslow,50,4250
linearconstant,expgrowthslow,51,3984
linearconstant,expgrowthslow,52,4049
linearconstant,expgrowthslow,53,4546
linearconstant,expgrowthslow,54,4084
linearconstant,expgrowthslow,55,4494
linearconstant,expgrowthslow,56,4181
linearconstant,expgrowthslow,57,4309
linearconstant,expgrowthslow,58,4271
linearconstant,expgrowthslow,59,4054
linearconstant,expgrowthslow,60,4175
linearconstant,expgrowthslow,61,4263
linearconstant,expgrowthslow,62,4065
linearconstant,expgrowthslow,63,3989
linearconstant,expgrowthslow,64,3626
linearconstant,expgrowthslow,65,4123
linearconstant,expgrowthslow,66,3954
linearconstant,expgrowthslow,67,4259
linearconstant,expgrowthslow,68,4380
linearconstant,expgrowthslow,69,4197
linearconstant,expgrowthslow,70,4207
linearconstant,expgrowthslow,71,4251
linearconstant,expgrowthslow,72,4179
linearconstant,expgrowthslow,73,4382
linearconstant,expgrowthslow,74,4093
linearconstant,expgrowthslow,75,4147
linearconstant,expgrowthslow,76,4818
linearconstant,expgrowthslow,77,4384
linearconstant,expgrowthslow,78,3890
linearconstant,expgrowthslow,79,4155
linearconstant,expgrowthslow,80,4335
linearconstant,expgrowthslow,81,4061
linearconstant,expgrowthslow,82,3904
linearconstant,expgrowthslow,83,4069
linearconstant,expgrowthslow,84,4052
linearconstant,expgrowthslow,85,4192
linearconstant,expgrowthslow,86,4245
linearconstant,expgrowthslow,87,4379
linearconstant,expgrowthslow,88,4163
linearconstant,expgrowthslow,89,4098
linearconstant,expgrowthslow,90,4337
linearconstant,expgrowthslow,91,4226
linearconstant,expgrowthslow,92,3716
linearconstant,expgrowthslow,93,4129
linearconstant,expgrowthslow,94,4304
linearconstant,expgrowthslow,95,4356
linearconstant,expgrowthslow,96,4116
linearconstant,expgrowthslow,97,3866
linearconstant,expgrowthslow,98,4229
linearconstant,expgrowthslow,99,4007
linearconstant,uniform,0,6921
linearconstant,uniform,1,7437
linearconstant,uniform,2,7212
linearconstant,uniform,3,6972
linearconstant,uniform,4,6940
linearconstant,uniform,5,5314
linearconstant,uniform,6,6433
linearconstant,uniform,7,6316
linearconstant,uniform,8,6535
linearconstant,uniform,9,8227
linearconstant,uniform,10,6203
linearconstant,uniform,11,8461
linearconstant,uniform,12,7237
linearconstant,uniform,13,6860
linearconstant,uniform,14,9160
linearconstant,uniform,15,6837
linearconstant,uniform,16,9456
linearconstant,uniform,17,6362
linearconstant,uniform,18,7765
linearconstant,uniform,19,7001
linearconstant,uniform,20,8360
linearconstant,uniform,21,6664
linearconstant,uniform,22,6451
linearconstant,uniform,23,6018
linearconstant,uniform,24,6701
linearconstant,uniform,25,9187
linearconstant,uniform,26,6844
linearconstant,uniform,27,7505
linearconstant,uniform,28,5910
linearconstant,uniform,29,7051
linearconstant,uniform,30,7651
linearconstant,uniform,31,6963
linearconstant,uniform,32,5672
linearconstant,uniform,33,5821
linearconstant,uniform,34,8873
linearconstant,uniform,35,6967
linearconstant,uniform,36,7984
linearconstant,uniform,37,7567
linearconstant,uniform,38,7624
linearconstant,uniform,39,6852
linearconstant,uniform,40,6826
linearconstant,uniform,41,9106
linearconstant,uniform,42,6635
linearconstant,uniform,43,6877
linearconstant,uniform,44,7345
linearconstant,uniform,45,10759
linearconstant,uniform,46,5734
linearconstant,uniform,47,7131
linearconstant,uniform,48,8135
linearconstant,uniform,49,8821
linearconstant,uniform,50,10685
linearconstant,uniform,51,8006
linearconstant,uniform,52,6218
linearconstant,uniform,53,7143
linearconstant,uniform,54,6671
linearconstant,uniform,55,6285
linearconstant,uniform,56,5694
linearconstant,uniform,57,7138
linearconstant,uniform,58,6541
linearconstant,uniform,59,5527
linearconstant,uniform,60,9812
linearconstant,uniform,61,8471
linearconstant,uniform,62,6254
linearconstant,uniform,63,7233
linearconstant,uniform,64,8382
linearconstant,uniform,65,6983
linearconstant,uniform,66,6293
linearconstant,uniform,67,6747
linearconstant,uniform,68,8219
linearconstant,uniform,69,6647
linearconstant,uniform,70,6355
linearconstant,uniform,71,8308
linearconstant,uniform,72,5974
linearconstant,uniform,73,8724
linearconstant,uniform,74,7497
linearconstant,uniform,75,12260
linearconstant,uniform,76,5959
linearconstant,uniform,77,6173
linearconstant,uniform,78,7283
linearconstant,uniform,79,10223
linearconstant,uniform,80,6316
linearconstant,uniform,81,5389
linearconstant,uniform,82,7195
linearconstant,uniform,83,6272
linearconstant,uniform,84,6712
linearconstant,uniform,85,5889
linearconstant,uniform,86,6993
linearconstant,uniform,87,6993
linearconstant,uniform,88,6785
linearconstant,uniform,89,6662
linearconstant,uniform,90,6260
linearconstant,uniform,91,6138
linearconstant,uniform,92,6602
linearconstant,uniform,93,7099
linearconstant,uniform,94,7007
linearconstant,uniform,95,5578
linearconstant,uniform,96,8330
linearconstant,uniform,97,9018
linearconstant,uniform,98,6080
linearconstant,uniform,99,8885
linearconstant,bottleneck,0,5048
linearconstant,bottleneck,1,5052
linearconstant,bottleneck,2,5730
linearconstant,bottleneck,3,8522
linearconstant,bottleneck,4,7813
linearconstant,bottleneck,5,6505
linearconstant,bottleneck,6,5844
linearconstant,bottleneck,7,4974
linearconstant,bottleneck,8,5837
linearconstant,bottleneck,9,4739
linearconstant,bottleneck,10,5520
linearconstant,bottleneck,11,6039
linearconstant,bottleneck,12,6795
linearconstant,bottleneck,13,7245
linearconstant,bottleneck,14,5359
linearconstant,bottleneck,15,4695
linearconstant,bottleneck,16,7880
linearconstant,bottleneck,17,5701
linearconstant,bottleneck,18,6467
linearconstant,bottleneck,19,5215
linearconstant,bottleneck,20,8857
linearconstant,bottleneck,21,5668
linearconstant,bottleneck,22,4865
linearconstant,bottleneck,23,6432
linearconstant,bottleneck,24,5600
linearconstant,bottleneck,25,5713
linearconstant,bottleneck,26,5884
linearconstant,bottleneck,27,4400
linearconstant,bottleneck,28,5496
linearconstant,bottleneck,29,4219
linearconstant,bottleneck,30,4824
linearconstant,bottleneck,31,6049
linearconstant,bottleneck,32,5245
linearconstant,bottleneck,33,6239
linearconstant,bottleneck,34,6333
linearconstant,bottleneck,35,4891
linearconstant,bottleneck,36,7541
linearconstant,bottleneck,37,3684
linearconstant,bottleneck,38,10674
linearconstant,bottleneck,39,4399
linearconstant,bottleneck,40,4893
linearconstant,bottleneck,41,6783
linearconstant,bottleneck,42,4759
linearconstant,bottleneck,43,4814
linearconstant,bottleneck,44,6697
linearconstant,bottleneck,45,6722
linearconstant,bottleneck,46,6079
linearconstant,bottleneck,47,4249
linearconstant,bottleneck,48,4980
linearconstant,bottleneck,49,5288
linearconstant,bottleneck,50,8158
linearconstant,bottleneck,51,6645
linearconstant,bottleneck,52,4560
linearconstant,bottleneck,53,6911
linearconstant,bottleneck,54,4898
linearconstant,bottleneck,55,5425
linearconstant,bottleneck,56,6412
linearconstant,bottleneck,57,4988
linearconstant,bottleneck,58,6100
linearconstant,bottleneck,59,4318
linearconstant,bottleneck,60,6449
linearconstant,bottleneck,61,6970
linearconstant,bottleneck,62,5340
linearconstant,bottleneck,63,4629
linearconstant,bottleneck,64,5465
linearconstant,bottleneck,65,7421
linearconstant,bottleneck,66,5548
linearconstant,bottleneck,67,5892
linearconstant,bottleneck,68,5464
linearconstant,bottleneck,69,5074
linearconstant,bottleneck,70,6055
linearconstant,bottleneck,71,6335
linearconstant,bottleneck,72,7438
linearconstant,bottleneck,73,6819
linearconstant,bottleneck,74,5289
linearconstant,bottleneck,75,5078
linearconstant,bottleneck,76,7245
linearconstant,bottleneck,77,5135
linearconstant,bottleneck,78,8819
linearconstant,bottleneck,79,5334
linearconstant,bottleneck,80,4586
linearconstant,bottleneck,81,5359
linearconstant,bottleneck,82,4904
linearconstant,bottleneck,83,6728
linearconstant,bottleneck,84,5537
linearconstant,bottleneck,85,5980
linearconstant,bottleneck,86,7060
linearconstant,bottleneck,87,4728
linearconstant,bottleneck,88,4882
linearconstant,bottleneck,89,4944
linearconstant,bottleneck,90,6095
linearconstant,bottleneck,91,5213
linearconstant,bottleneck,92,6958
linearconstant,bottleneck,93,4788
linearconstant,bottleneck,94,5506
linearconstant,bottleneck,95,6159
linearconstant,bottleneck,96,5147
linearconstant,bottleneck,97,3870
linearconstant,bottleneck,98,6183
linearconstant,bottleneck,99,4927
